{"train/loss": 187.90414428710938, "train/rmse": 13.707813262939453, "epoch": 2, "trainer/global_step": 1296, "_timestamp": 1673640073.7172613, "_runtime": 25.14639925956726, "_step": 31, "val/loss": 167.23390197753906, "val/rmse": 13.020544052124023, "val/rmse_best": 12.893390655517578, "test/loss": 164.6455078125, "test/rmse": 12.936918258666992, "_wandb": {"runtime": 23}}